BugId,Total,jaccard,Exam Score,FLASH_FL,Exam Score,Diff,Exam Score Diff,Total,tarantula,Exam Score,FLASH_FL,Exam Score,Diff,Exam Score Diff,Total,ochiai,Exam Score,FLASH_FL,Exam Score,Diff,Exam Score Diff,Total,dstar,Exam Score,FLASH_FL,Exam Score,Diff,Exam Score Diff
chart1,629,36,0.0572,28,0.0445,-8,-0.0127,629,36,0.0572,28,0.0445,-8,-0.0127,629,36,0.0572,28,0.0445,-8,-0.0127,629,36,0.0572,28,0.0445,-8,-0.0127
chart2,162,162,1.0000,162,1.0000,0,0.0000,162,162,1.0000,162,1.0000,0,0.0000,162,162,1.0000,162,1.0000,0,0.0000,162,162,1.0000,162,1.0000,0,0.0000
chart3,143,4,0.0280,8,0.0559,4,0.0280,143,4,0.0280,8,0.0559,4,0.0280,143,4,0.0280,8,0.0559,4,0.0280,143,4,0.0280,8,0.0559,4,0.0280
chart4,2371,2371,1.0000,2371,1.0000,0,0.0000,2371,2371,1.0000,2371,1.0000,0,0.0000,2371,2371,1.0000,2371,1.0000,0,0.0000,2371,2371,1.0000,2371,1.0000,0,0.0000
chart5,51,51,1.0000,51,1.0000,0,0.0000,51,51,1.0000,51,1.0000,0,0.0000,51,51,1.0000,51,1.0000,0,0.0000,51,51,1.0000,51,1.0000,0,0.0000
chart6,127,104,0.8189,93,0.7323,-11,-0.0866,127,104,0.8189,93,0.7323,-11,-0.0866,127,57,0.4488,53,0.4173,-4,-0.0315,127,57,0.4488,53,0.4173,-4,-0.0315
chart7,123,83,0.6748,68,0.5528,-15,-0.1220,123,83,0.6748,68,0.5528,-15,-0.1220,123,83,0.6748,68,0.5528,-15,-0.1220,123,83,0.6748,68,0.5528,-15,-0.1220
chart8,48,1,0.0208,1,0.0208,0,0.0000,48,1,0.0208,1,0.0208,0,0.0000,48,1,0.0208,1,0.0208,0,0.0000,48,1,0.0208,1,0.0208,0,0.0000
chart9,194,14,0.0722,12,0.0619,-2,-0.0103,194,14,0.0722,12,0.0619,-2,-0.0103,194,14,0.0722,12,0.0619,-2,-0.0103,194,14,0.0722,12,0.0619,-2,-0.0103
chart10,3,3,1.0000,1,0.3333,0,0.0000,3,3,1.0000,1,0.3333,0,0.0000,3,3,1.0000,1,0.3333,0,0.0000,3,3,1.0000,1,0.3333,0,0.0000
chart11,20,5,0.2500,17,0.8500,12,0.6000,20,5,0.2500,17,0.8500,12,0.6000,20,5,0.2500,17,0.8500,12,0.6000,20,5,0.2500,17,0.8500,12,0.6000
chart12,535,13,0.0243,22,0.0411,9,0.0168,535,13,0.0243,22,0.0411,9,0.0168,535,13,0.0243,22,0.0411,9,0.0168,535,13,0.0243,22,0.0411,9,0.0168
chart13,264,264,1.0000,264,1.0000,0,0.0000,264,264,1.0000,264,1.0000,0,0.0000,264,264,1.0000,264,1.0000,0,0.0000,264,264,1.0000,264,1.0000,0,0.0000
chart14,519,519,1.0000,519,1.0000,0,0.0000,519,519,1.0000,519,1.0000,0,0.0000,519,519,1.0000,519,1.0000,0,0.0000,519,519,1.0000,519,1.0000,0,0.0000
chart15,1120,1120,1.0000,1120,1.0000,0,0.0000,1120,1120,1.0000,1120,1.0000,0,0.0000,1120,1120,1.0000,1120,1.0000,0,0.0000,1120,1120,1.0000,1120,1.0000,0,0.0000
chart16,47,39,0.8298,29,0.6170,-10,-0.2128,47,5,0.1064,5,0.1064,0,0.0000,47,34,0.7234,25,0.5319,-9,-0.1915,47,39,0.8298,29,0.6170,-10,-0.2128
chart17,99,2,0.0202,2,0.0202,0,0.0000,99,2,0.0202,2,0.0202,0,0.0000,99,2,0.0202,2,0.0202,0,0.0000,99,2,0.0202,2,0.0202,0,0.0000
chart18,95,95,1.0000,95,1.0000,0,0.0000,95,95,1.0000,95,1.0000,0,0.0000,95,95,1.0000,95,1.0000,0,0.0000,95,95,1.0000,95,1.0000,0,0.0000
chart19,729,2,0.0027,5,0.0069,3,0.0041,729,2,0.0027,5,0.0069,3,0.0041,729,2,0.0027,5,0.0069,3,0.0041,729,2,0.0027,5,0.0069,3,0.0041
chart20,77,5,0.0649,6,0.0779,1,0.0130,77,5,0.0649,6,0.0779,1,0.0130,77,5,0.0649,6,0.0779,1,0.0130,77,5,0.0649,6,0.0779,1,0.0130
chart21,131,131,1.0000,131,1.0000,0,0.0000,131,131,1.0000,131,1.0000,0,0.0000,131,131,1.0000,131,1.0000,0,0.0000,131,131,1.0000,131,1.0000,0,0.0000
chart22,117,117,1.0000,117,1.0000,0,0.0000,117,117,1.0000,117,1.0000,0,0.0000,117,117,1.0000,117,1.0000,0,0.0000,117,117,1.0000,117,1.0000,0,0.0000
chart23,279,279,1.0000,279,1.0000,0,0.0000,279,279,1.0000,279,1.0000,0,0.0000,279,279,1.0000,279,1.0000,0,0.0000,279,279,1.0000,279,1.0000,0,0.0000
chart24,11,3,0.2727,1,0.0909,-2,-0.1818,11,3,0.2727,1,0.0909,-2,-0.1818,11,3,0.2727,1,0.0909,-2,-0.1818,11,3,0.2727,1,0.0909,-2,-0.1818
chart25,3364,3364,1.0000,3364,1.0000,0,0.0000,3364,3364,1.0000,3364,1.0000,0,0.0000,3364,3364,1.0000,3364,1.0000,0,0.0000,3364,3364,1.0000,3364,1.0000,0,0.0000
chart26,5586,5586,1.0000,5586,1.0000,0,0.0000,5586,5586,1.0000,5586,1.0000,0,0.0000,5586,5586,1.0000,5586,1.0000,0,0.0000,5586,5586,1.0000,5586,1.0000,0,0.0000
closure1,11614,11614,1.0000,11614,1.0000,0,0.0000,11614,11614,1.0000,11614,1.0000,0,0.0000,11614,11614,1.0000,11614,1.0000,0,0.0000,11614,11614,1.0000,11614,1.0000,0,0.0000
closure2,3861,3861,1.0000,3861,1.0000,0,0.0000,3861,3861,1.0000,3861,1.0000,0,0.0000,3861,3861,1.0000,3861,1.0000,0,0.0000,3861,3861,1.0000,3861,1.0000,0,0.0000
closure3,4632,4632,1.0000,4632,1.0000,0,0.0000,4632,4632,1.0000,4632,1.0000,0,0.0000,4632,4632,1.0000,4632,1.0000,0,0.0000,4632,4632,1.0000,4632,1.0000,0,0.0000
closure4,5225,5225,1.0000,5225,1.0000,0,0.0000,5225,5225,1.0000,5225,1.0000,0,0.0000,5225,5225,1.0000,5225,1.0000,0,0.0000,5225,5225,1.0000,5225,1.0000,0,0.0000
closure5,3590,3590,1.0000,3590,1.0000,0,0.0000,3590,3590,1.0000,3590,1.0000,0,0.0000,3590,3590,1.0000,3590,1.0000,0,0.0000,3590,3590,1.0000,3590,1.0000,0,0.0000
closure6,5377,5377,1.0000,5377,1.0000,0,0.0000,5377,5377,1.0000,5377,1.0000,0,0.0000,5377,5377,1.0000,5377,1.0000,0,0.0000,5377,5377,1.0000,5377,1.0000,0,0.0000
closure7,2254,2254,1.0000,2254,1.0000,0,0.0000,2254,2254,1.0000,2254,1.0000,0,0.0000,2254,2254,1.0000,2254,1.0000,0,0.0000,2254,2254,1.0000,2254,1.0000,0,0.0000
closure8,2961,2961,1.0000,2961,1.0000,0,0.0000,2961,2961,1.0000,2961,1.0000,0,0.0000,2961,2961,1.0000,2961,1.0000,0,0.0000,2961,2961,1.0000,2961,1.0000,0,0.0000
closure9,35,35,1.0000,35,1.0000,0,0.0000,35,35,1.0000,35,1.0000,0,0.0000,35,35,1.0000,35,1.0000,0,0.0000,35,35,1.0000,35,1.0000,0,0.0000
closure10,3035,140,0.0461,118,0.0389,-22,-0.0072,3035,140,0.0461,118,0.0389,-22,-0.0072,3035,140,0.0461,118,0.0389,-22,-0.0072,3035,140,0.0461,118,0.0389,-22,-0.0072
closure11,4896,771,0.1575,672,0.1373,-99,-0.0202,4896,771,0.1575,672,0.1373,-99,-0.0202,4896,698,0.1426,614,0.1254,-84,-0.0172,4896,698,0.1426,614,0.1254,-84,-0.0172
closure12,4558,1098,0.2409,846,0.1856,-252,-0.0553,4558,1098,0.2409,846,0.1856,-252,-0.0553,4558,1121,0.2459,851,0.1867,-270,-0.0592,4558,1121,0.2459,851,0.1867,-270,-0.0592
closure13,8138,5777,0.7099,4232,0.5200,-1545,-0.1899,8138,5777,0.7099,4232,0.5200,-1545,-0.1899,8138,5796,0.7122,4234,0.5203,-1562,-0.1919,8138,5796,0.7122,4234,0.5203,-1562,-0.1919
closure14,4947,4,0.0008,4,0.0008,0,0.0000,4947,5,0.0010,5,0.0010,0,0.0000,4947,3,0.0006,3,0.0006,0,0.0000,4947,1,0.0002,1,0.0002,0,0.0000
closure15,4118,4118,1.0000,4118,1.0000,0,0.0000,4118,4118,1.0000,4118,1.0000,0,0.0000,4118,4118,1.0000,4118,1.0000,0,0.0000,4118,4118,1.0000,4118,1.0000,0,0.0000
closure16,7454,7454,1.0000,7454,1.0000,0,0.0000,7454,7454,1.0000,7454,1.0000,0,0.0000,7454,7454,1.0000,7454,1.0000,0,0.0000,7454,7454,1.0000,7454,1.0000,0,0.0000
closure17,5051,5051,1.0000,5051,1.0000,0,0.0000,5051,5051,1.0000,5051,1.0000,0,0.0000,5051,5051,1.0000,5051,1.0000,0,0.0000,5051,5051,1.0000,5051,1.0000,0,0.0000
closure18,4622,2440,0.5279,1704,0.3687,-736,-0.1592,4622,2440,0.5279,1704,0.3687,-736,-0.1592,4622,2458,0.5318,1705,0.3689,-753,-0.1629,4622,2458,0.5318,1705,0.3689,-753,-0.1629
closure19,3867,3867,1.0000,3867,1.0000,0,0.0000,3867,3867,1.0000,3867,1.0000,0,0.0000,3867,3867,1.0000,3867,1.0000,0,0.0000,3867,3867,1.0000,3867,1.0000,0,0.0000
closure20,2944,2,0.0007,12,0.0041,10,0.0034,2944,2,0.0007,12,0.0041,10,0.0034,2944,2,0.0007,12,0.0041,10,0.0034,2944,2,0.0007,12,0.0041,10,0.0034
closure21,3217,3217,1.0000,3217,1.0000,0,0.0000,3217,3217,1.0000,3217,1.0000,0,0.0000,3217,3217,1.0000,3217,1.0000,0,0.0000,3217,3217,1.0000,3217,1.0000,0,0.0000
closure22,3217,3217,1.0000,3217,1.0000,0,0.0000,3217,3217,1.0000,3217,1.0000,0,0.0000,3217,3217,1.0000,3217,1.0000,0,0.0000,3217,3217,1.0000,3217,1.0000,0,0.0000
closure23,2441,2441,1.0000,2441,1.0000,0,0.0000,2441,2441,1.0000,2441,1.0000,0,0.0000,2441,2441,1.0000,2441,1.0000,0,0.0000,2441,2441,1.0000,2441,1.0000,0,0.0000
closure24,2835,2835,1.0000,2835,1.0000,0,0.0000,2835,2835,1.0000,2835,1.0000,0,0.0000,2835,2835,1.0000,2835,1.0000,0,0.0000,2835,2835,1.0000,2835,1.0000,0,0.0000
closure25,3941,3941,1.0000,3941,1.0000,0,0.0000,3941,3941,1.0000,3941,1.0000,0,0.0000,3941,3941,1.0000,3941,1.0000,0,0.0000,3941,3941,1.0000,3941,1.0000,0,0.0000
closure26,8187,8187,1.0000,8187,1.0000,0,0.0000,8187,8187,1.0000,8187,1.0000,0,0.0000,8187,8187,1.0000,8187,1.0000,0,0.0000,8187,8187,1.0000,8187,1.0000,0,0.0000
closure27,45,45,1.0000,45,1.0000,0,0.0000,45,45,1.0000,45,1.0000,0,0.0000,45,45,1.0000,45,1.0000,0,0.0000,45,45,1.0000,45,1.0000,0,0.0000
closure28,3838,3838,1.0000,3838,1.0000,0,0.0000,3838,3838,1.0000,3838,1.0000,0,0.0000,3838,3838,1.0000,3838,1.0000,0,0.0000,3838,3838,1.0000,3838,1.0000,0,0.0000
closure29,9858,9858,1.0000,9858,1.0000,0,0.0000,9858,9858,1.0000,9858,1.0000,0,0.0000,9858,9858,1.0000,9858,1.0000,0,0.0000,9858,9858,1.0000,9858,1.0000,0,0.0000
closure30,4243,4243,1.0000,4243,1.0000,0,0.0000,4243,4243,1.0000,4243,1.0000,0,0.0000,4243,4243,1.0000,4243,1.0000,0,0.0000,4243,4243,1.0000,4243,1.0000,0,0.0000
closure31,3273,3273,1.0000,3273,1.0000,0,0.0000,3273,3273,1.0000,3273,1.0000,0,0.0000,3273,3273,1.0000,3273,1.0000,0,0.0000,3273,3273,1.0000,3273,1.0000,0,0.0000
closure32,4305,4305,1.0000,4305,1.0000,0,0.0000,4305,4305,1.0000,4305,1.0000,0,0.0000,4305,4305,1.0000,4305,1.0000,0,0.0000,4305,4305,1.0000,4305,1.0000,0,0.0000
closure33,5414,5414,1.0000,5414,1.0000,0,0.0000,5414,5414,1.0000,5414,1.0000,0,0.0000,5414,5414,1.0000,5414,1.0000,0,0.0000,5414,5414,1.0000,5414,1.0000,0,0.0000
closure34,155,155,1.0000,155,1.0000,0,0.0000,155,155,1.0000,155,1.0000,0,0.0000,155,155,1.0000,155,1.0000,0,0.0000,155,155,1.0000,155,1.0000,0,0.0000
closure35,5255,5255,1.0000,5255,1.0000,0,0.0000,5255,5255,1.0000,5255,1.0000,0,0.0000,5255,5255,1.0000,5255,1.0000,0,0.0000,5255,5255,1.0000,5255,1.0000,0,0.0000
closure36,9647,9647,1.0000,9647,1.0000,0,0.0000,9647,9647,1.0000,9647,1.0000,0,0.0000,9647,9647,1.0000,9647,1.0000,0,0.0000,9647,9647,1.0000,9647,1.0000,0,0.0000
closure37,2295,2295,1.0000,2295,1.0000,0,0.0000,2295,2295,1.0000,2295,1.0000,0,0.0000,2295,2295,1.0000,2295,1.0000,0,0.0000,2295,2295,1.0000,2295,1.0000,0,0.0000
closure38,1405,53,0.0377,41,0.0292,-12,-0.0085,1405,53,0.0377,41,0.0292,-12,-0.0085,1405,53,0.0377,41,0.0292,-12,-0.0085,1405,53,0.0377,41,0.0292,-12,-0.0085
closure39,766,12,0.0157,11,0.0144,-1,-0.0013,766,12,0.0157,11,0.0144,-1,-0.0013,766,12,0.0157,11,0.0144,-1,-0.0013,766,12,0.0157,11,0.0144,-1,-0.0013
closure40,5490,5490,1.0000,5490,1.0000,0,0.0000,5490,5490,1.0000,5490,1.0000,0,0.0000,5490,5490,1.0000,5490,1.0000,0,0.0000,5490,5490,1.0000,5490,1.0000,0,0.0000
closure41,4913,4913,1.0000,4913,1.0000,0,0.0000,4913,4913,1.0000,4913,1.0000,0,0.0000,4913,4913,1.0000,4913,1.0000,0,0.0000,4913,4913,1.0000,4913,1.0000,0,0.0000
closure42,1086,1086,1.0000,1086,1.0000,0,0.0000,1086,1086,1.0000,1086,1.0000,0,0.0000,1086,1086,1.0000,1086,1.0000,0,0.0000,1086,1086,1.0000,1086,1.0000,0,0.0000
closure43,5250,5250,1.0000,5250,1.0000,0,0.0000,5250,5250,1.0000,5250,1.0000,0,0.0000,5250,5250,1.0000,5250,1.0000,0,0.0000,5250,5250,1.0000,5250,1.0000,0,0.0000
closure44,1448,1448,1.0000,1448,1.0000,0,0.0000,1448,1448,1.0000,1448,1.0000,0,0.0000,1448,1448,1.0000,1448,1.0000,0,0.0000,1448,1448,1.0000,1448,1.0000,0,0.0000
closure45,3456,348,0.1007,2409,0.6970,2061,0.5964,3456,348,0.1007,2409,0.6970,2061,0.5964,3456,348,0.1007,2409,0.6970,2061,0.5964,3456,348,0.1007,2409,0.6970,2061,0.5964
closure46,1063,1063,1.0000,1063,1.0000,0,0.0000,1063,1063,1.0000,1063,1.0000,0,0.0000,1063,1063,1.0000,1063,1.0000,0,0.0000,1063,1063,1.0000,1063,1.0000,0,0.0000
closure47,4488,4488,1.0000,4488,1.0000,0,0.0000,4488,4488,1.0000,4488,1.0000,0,0.0000,4488,4488,1.0000,4488,1.0000,0,0.0000,4488,4488,1.0000,4488,1.0000,0,0.0000
closure48,4724,4724,1.0000,4724,1.0000,0,0.0000,4724,4724,1.0000,4724,1.0000,0,0.0000,4724,4724,1.0000,4724,1.0000,0,0.0000,4724,4724,1.0000,4724,1.0000,0,0.0000
closure49,5402,5402,1.0000,5402,1.0000,0,0.0000,5402,5402,1.0000,5402,1.0000,0,0.0000,5402,5402,1.0000,5402,1.0000,0,0.0000,5402,5402,1.0000,5402,1.0000,0,0.0000
closure50,2789,2789,1.0000,2789,1.0000,0,0.0000,2789,2789,1.0000,2789,1.0000,0,0.0000,2789,2789,1.0000,2789,1.0000,0,0.0000,2789,2789,1.0000,2789,1.0000,0,0.0000
closure51,1369,54,0.0394,43,0.0314,-11,-0.0080,1369,54,0.0394,43,0.0314,-11,-0.0080,1369,54,0.0394,43,0.0314,-11,-0.0080,1369,54,0.0394,43,0.0314,-11,-0.0080
closure52,1443,15,0.0104,15,0.0104,0,0.0000,1443,15,0.0104,15,0.0104,0,0.0000,1443,15,0.0104,15,0.0104,0,0.0000,1443,15,0.0104,15,0.0104,0,0.0000
closure53,3179,3179,1.0000,3179,1.0000,0,0.0000,3179,3179,1.0000,3179,1.0000,0,0.0000,3179,3179,1.0000,3179,1.0000,0,0.0000,3179,3179,1.0000,3179,1.0000,0,0.0000
closure54,5964,5964,1.0000,5964,1.0000,0,0.0000,5964,5964,1.0000,5964,1.0000,0,0.0000,5964,5964,1.0000,5964,1.0000,0,0.0000,5964,5964,1.0000,5964,1.0000,0,0.0000
closure55,2999,329,0.1097,260,0.0867,-69,-0.0230,2999,329,0.1097,260,0.0867,-69,-0.0230,2999,329,0.1097,260,0.0867,-69,-0.0230,2999,329,0.1097,260,0.0867,-69,-0.0230
closure56,1189,1189,1.0000,1189,1.0000,0,0.0000,1189,1189,1.0000,1189,1.0000,0,0.0000,1189,1189,1.0000,1189,1.0000,0,0.0000,1189,1189,1.0000,1189,1.0000,0,0.0000
closure57,1258,7,0.0056,5,0.0040,-2,-0.0016,1258,7,0.0056,5,0.0040,-2,-0.0016,1258,7,0.0056,5,0.0040,-2,-0.0016,1258,7,0.0056,5,0.0040,-2,-0.0016
closure58,2469,2469,1.0000,2469,1.0000,0,0.0000,2469,2469,1.0000,2469,1.0000,0,0.0000,2469,2469,1.0000,2469,1.0000,0,0.0000,2469,2469,1.0000,2469,1.0000,0,0.0000
closure59,8676,8126,0.9366,6023,0.6942,-2103,-0.2424,8676,8120,0.9359,6023,0.6942,-2097,-0.2417,8676,8134,0.9375,6023,0.6942,-2111,-0.2433,8676,8134,0.9375,6023,0.6942,-2111,-0.2433
closure60,7784,7784,1.0000,7784,1.0000,0,0.0000,7784,7784,1.0000,7784,1.0000,0,0.0000,7784,7784,1.0000,7784,1.0000,0,0.0000,7784,7784,1.0000,7784,1.0000,0,0.0000
closure61,2541,2541,1.0000,2541,1.0000,0,0.0000,2541,2541,1.0000,2541,1.0000,0,0.0000,2541,2541,1.0000,2541,1.0000,0,0.0000,2541,2541,1.0000,2541,1.0000,0,0.0000
closure62,71,71,1.0000,71,1.0000,0,0.0000,71,71,1.0000,71,1.0000,0,0.0000,71,71,1.0000,71,1.0000,0,0.0000,71,71,1.0000,71,1.0000,0,0.0000
closure63,71,71,1.0000,71,1.0000,0,0.0000,71,71,1.0000,71,1.0000,0,0.0000,71,71,1.0000,71,1.0000,0,0.0000,71,71,1.0000,71,1.0000,0,0.0000
closure64,6036,6036,1.0000,6036,1.0000,0,0.0000,6036,6036,1.0000,6036,1.0000,0,0.0000,6036,6036,1.0000,6036,1.0000,0,0.0000,6036,6036,1.0000,6036,1.0000,0,0.0000
closure65,1342,1,0.0007,1,0.0007,0,0.0000,1342,1,0.0007,1,0.0007,0,0.0000,1342,1,0.0007,1,0.0007,0,0.0000,1342,1,0.0007,1,0.0007,0,0.0000
closure66,3396,3396,1.0000,3396,1.0000,0,0.0000,3396,3396,1.0000,3396,1.0000,0,0.0000,3396,3396,1.0000,3396,1.0000,0,0.0000,3396,3396,1.0000,3396,1.0000,0,0.0000
closure67,3065,3065,1.0000,3065,1.0000,0,0.0000,3065,3065,1.0000,3065,1.0000,0,0.0000,3065,3065,1.0000,3065,1.0000,0,0.0000,3065,3065,1.0000,3065,1.0000,0,0.0000
closure68,1076,1076,1.0000,1076,1.0000,0,0.0000,1076,1076,1.0000,1076,1.0000,0,0.0000,1076,1076,1.0000,1076,1.0000,0,0.0000,1076,1076,1.0000,1076,1.0000,0,0.0000
closure69,5019,5019,1.0000,5019,1.0000,0,0.0000,5019,5019,1.0000,5019,1.0000,0,0.0000,5019,5019,1.0000,5019,1.0000,0,0.0000,5019,5019,1.0000,5019,1.0000,0,0.0000
closure70,4799,4799,1.0000,4799,1.0000,0,0.0000,4799,4799,1.0000,4799,1.0000,0,0.0000,4799,4799,1.0000,4799,1.0000,0,0.0000,4799,4799,1.0000,4799,1.0000,0,0.0000
closure71,4560,63,0.0138,60,0.0132,-3,-0.0007,4560,63,0.0138,60,0.0132,-3,-0.0007,4560,60,0.0132,58,0.0127,-2,-0.0004,4560,60,0.0132,58,0.0127,-2,-0.0004
closure72,3528,3528,1.0000,3528,1.0000,0,0.0000,3528,3528,1.0000,3528,1.0000,0,0.0000,3528,3528,1.0000,3528,1.0000,0,0.0000,3528,3528,1.0000,3528,1.0000,0,0.0000
closure73,1326,16,0.0121,13,0.0098,-3,-0.0023,1326,16,0.0121,13,0.0098,-3,-0.0023,1326,16,0.0121,13,0.0098,-3,-0.0023,1326,16,0.0121,13,0.0098,-3,-0.0023
closure74,2645,2645,1.0000,2645,1.0000,0,0.0000,2645,2645,1.0000,2645,1.0000,0,0.0000,2645,2645,1.0000,2645,1.0000,0,0.0000,2645,2645,1.0000,2645,1.0000,0,0.0000
closure75,2378,2378,1.0000,2378,1.0000,0,0.0000,2378,2378,1.0000,2378,1.0000,0,0.0000,2378,2378,1.0000,2378,1.0000,0,0.0000,2378,2378,1.0000,2378,1.0000,0,0.0000
closure76,3229,3229,1.0000,3229,1.0000,0,0.0000,3229,3229,1.0000,3229,1.0000,0,0.0000,3229,3229,1.0000,3229,1.0000,0,0.0000,3229,3229,1.0000,3229,1.0000,0,0.0000
closure77,1272,1272,1.0000,1272,1.0000,0,0.0000,1272,1272,1.0000,1272,1.0000,0,0.0000,1272,1272,1.0000,1272,1.0000,0,0.0000,1272,1272,1.0000,1272,1.0000,0,0.0000
closure78,2458,2458,1.0000,2458,1.0000,0,0.0000,2458,2458,1.0000,2458,1.0000,0,0.0000,2458,2458,1.0000,2458,1.0000,0,0.0000,2458,2458,1.0000,2458,1.0000,0,0.0000
closure79,2481,2481,1.0000,2481,1.0000,0,0.0000,2481,2481,1.0000,2481,1.0000,0,0.0000,2481,2481,1.0000,2481,1.0000,0,0.0000,2481,2481,1.0000,2481,1.0000,0,0.0000
closure80,1320,1320,1.0000,1320,1.0000,0,0.0000,1320,1320,1.0000,1320,1.0000,0,0.0000,1320,1320,1.0000,1320,1.0000,0,0.0000,1320,1320,1.0000,1320,1.0000,0,0.0000
closure81,951,17,0.0179,20,0.0210,3,0.0032,951,17,0.0179,20,0.0210,3,0.0032,951,17,0.0179,20,0.0210,3,0.0032,951,17,0.0179,20,0.0210,3,0.0032
closure82,4366,2354,0.5392,1835,0.4203,-519,-0.1189,4366,2354,0.5392,1835,0.4203,-519,-0.1189,4366,538,0.1232,372,0.0852,-166,-0.0380,4366,538,0.1232,372,0.0852,-166,-0.0380
closure83,175,10,0.0571,6,0.0343,-4,-0.0229,175,10,0.0571,6,0.0343,-4,-0.0229,175,10,0.0571,6,0.0343,-4,-0.0229,175,10,0.0571,6,0.0343,-4,-0.0229
closure84,962,962,1.0000,962,1.0000,0,0.0000,962,962,1.0000,962,1.0000,0,0.0000,962,962,1.0000,962,1.0000,0,0.0000,962,962,1.0000,962,1.0000,0,0.0000
closure85,2866,2866,1.0000,2866,1.0000,0,0.0000,2866,2866,1.0000,2866,1.0000,0,0.0000,2866,2866,1.0000,2866,1.0000,0,0.0000,2866,2866,1.0000,2866,1.0000,0,0.0000
closure86,5807,2,0.0003,4341,0.7475,4339,0.7472,5807,14,0.0024,4343,0.7479,4329,0.7455,5807,2,0.0003,4341,0.7475,4339,0.7472,5807,2,0.0003,4341,0.7475,4339,0.7472
closure87,2464,2464,1.0000,2464,1.0000,0,0.0000,2464,2464,1.0000,2464,1.0000,0,0.0000,2464,2464,1.0000,2464,1.0000,0,0.0000,2464,2464,1.0000,2464,1.0000,0,0.0000
closure88,6988,6988,1.0000,6988,1.0000,0,0.0000,6988,6988,1.0000,6988,1.0000,0,0.0000,6988,6988,1.0000,6988,1.0000,0,0.0000,6988,6988,1.0000,6988,1.0000,0,0.0000
closure89,3608,3608,1.0000,3608,1.0000,0,0.0000,3608,3608,1.0000,3608,1.0000,0,0.0000,3608,3608,1.0000,3608,1.0000,0,0.0000,3608,3608,1.0000,3608,1.0000,0,0.0000
closure90,4434,2047,0.4617,1667,0.3760,-380,-0.0857,4434,2047,0.4617,1667,0.3760,-380,-0.0857,4434,2049,0.4621,1668,0.3762,-381,-0.0859,4434,2049,0.4621,1668,0.3762,-381,-0.0859
closure91,2329,2329,1.0000,2329,1.0000,0,0.0000,2329,2329,1.0000,2329,1.0000,0,0.0000,2329,2329,1.0000,2329,1.0000,0,0.0000,2329,2329,1.0000,2329,1.0000,0,0.0000
closure92,2514,85,0.0338,74,0.0294,-11,-0.0044,2514,85,0.0338,74,0.0294,-11,-0.0044,2514,85,0.0338,74,0.0294,-11,-0.0044,2514,85,0.0338,74,0.0294,-11,-0.0044
closure93,2514,85,0.0338,74,0.0294,-11,-0.0044,2514,85,0.0338,74,0.0294,-11,-0.0044,2514,85,0.0338,74,0.0294,-11,-0.0044,2514,85,0.0338,74,0.0294,-11,-0.0044
closure94,2557,2557,1.0000,2557,1.0000,0,0.0000,2557,2557,1.0000,2557,1.0000,0,0.0000,2557,2557,1.0000,2557,1.0000,0,0.0000,2557,2557,1.0000,2557,1.0000,0,0.0000
closure95,4760,4760,1.0000,4760,1.0000,0,0.0000,4760,4760,1.0000,4760,1.0000,0,0.0000,4760,4760,1.0000,4760,1.0000,0,0.0000,4760,4760,1.0000,4760,1.0000,0,0.0000
closure96,4002,4002,1.0000,4002,1.0000,0,0.0000,4002,4002,1.0000,4002,1.0000,0,0.0000,4002,4002,1.0000,4002,1.0000,0,0.0000,4002,4002,1.0000,4002,1.0000,0,0.0000
closure97,2099,1,0.0005,1391,0.6627,1390,0.6622,2099,1,0.0005,1391,0.6627,1390,0.6622,2099,1,0.0005,1391,0.6627,1390,0.6622,2099,1,0.0005,1391,0.6627,1390,0.6622
closure98,2890,2890,1.0000,2890,1.0000,0,0.0000,2890,2890,1.0000,2890,1.0000,0,0.0000,2890,2890,1.0000,2890,1.0000,0,0.0000,2890,2890,1.0000,2890,1.0000,0,0.0000
closure99,2250,2250,1.0000,2250,1.0000,0,0.0000,2250,2250,1.0000,2250,1.0000,0,0.0000,2250,2250,1.0000,2250,1.0000,0,0.0000,2250,2250,1.0000,2250,1.0000,0,0.0000
closure100,1886,1886,1.0000,1886,1.0000,0,0.0000,1886,1886,1.0000,1886,1.0000,0,0.0000,1886,1886,1.0000,1886,1.0000,0,0.0000,1886,1886,1.0000,1886,1.0000,0,0.0000
closure101,5325,5325,1.0000,5325,1.0000,0,0.0000,5325,5325,1.0000,5325,1.0000,0,0.0000,5325,5325,1.0000,5325,1.0000,0,0.0000,5325,5325,1.0000,5325,1.0000,0,0.0000
closure102,6968,6968,1.0000,6968,1.0000,0,0.0000,6968,6968,1.0000,6968,1.0000,0,0.0000,6968,6968,1.0000,6968,1.0000,0,0.0000,6968,6968,1.0000,6968,1.0000,0,0.0000
closure103,4582,4582,1.0000,4582,1.0000,0,0.0000,4582,4582,1.0000,4582,1.0000,0,0.0000,4582,4582,1.0000,4582,1.0000,0,0.0000,4582,4582,1.0000,4582,1.0000,0,0.0000
closure104,664,9,0.0136,7,0.0105,-2,-0.0030,664,9,0.0136,7,0.0105,-2,-0.0030,664,9,0.0136,7,0.0105,-2,-0.0030,664,9,0.0136,7,0.0105,-2,-0.0030
closure105,2169,97,0.0447,109,0.0503,12,0.0055,2169,97,0.0447,109,0.0503,12,0.0055,2169,97,0.0447,109,0.0503,12,0.0055,2169,97,0.0447,109,0.0503,12,0.0055
closure106,3081,3081,1.0000,3081,1.0000,0,0.0000,3081,3081,1.0000,3081,1.0000,0,0.0000,3081,3081,1.0000,3081,1.0000,0,0.0000,3081,3081,1.0000,3081,1.0000,0,0.0000
closure107,5302,5302,1.0000,5302,1.0000,0,0.0000,5302,5302,1.0000,5302,1.0000,0,0.0000,5302,5302,1.0000,5302,1.0000,0,0.0000,5302,5302,1.0000,5302,1.0000,0,0.0000
closure108,3760,3760,1.0000,3760,1.0000,0,0.0000,3760,3760,1.0000,3760,1.0000,0,0.0000,3760,3760,1.0000,3760,1.0000,0,0.0000,3760,3760,1.0000,3760,1.0000,0,0.0000
closure109,1283,4,0.0031,4,0.0031,0,0.0000,1283,4,0.0031,4,0.0031,0,0.0000,1283,4,0.0031,4,0.0031,0,0.0000,1283,4,0.0031,4,0.0031,0,0.0000
closure110,2967,2967,1.0000,2967,1.0000,0,0.0000,2967,2967,1.0000,2967,1.0000,0,0.0000,2967,2967,1.0000,2967,1.0000,0,0.0000,2967,2967,1.0000,2967,1.0000,0,0.0000
closure111,2347,1,0.0004,1,0.0004,0,0.0000,2347,1,0.0004,1,0.0004,0,0.0000,2347,1,0.0004,1,0.0004,0,0.0000,2347,1,0.0004,1,0.0004,0,0.0000
closure112,6116,6116,1.0000,6116,1.0000,0,0.0000,6116,6116,1.0000,6116,1.0000,0,0.0000,6116,6116,1.0000,6116,1.0000,0,0.0000,6116,6116,1.0000,6116,1.0000,0,0.0000
closure113,2988,17,0.0057,10,0.0033,-7,-0.0023,2988,17,0.0057,10,0.0033,-7,-0.0023,2988,17,0.0057,10,0.0033,-7,-0.0023,2988,17,0.0057,10,0.0033,-7,-0.0023
closure114,4105,4105,1.0000,4105,1.0000,0,0.0000,4105,4105,1.0000,4105,1.0000,0,0.0000,4105,4105,1.0000,4105,1.0000,0,0.0000,4105,4105,1.0000,4105,1.0000,0,0.0000
closure115,5321,5321,1.0000,5321,1.0000,0,0.0000,5321,5321,1.0000,5321,1.0000,0,0.0000,5321,5321,1.0000,5321,1.0000,0,0.0000,5321,5321,1.0000,5321,1.0000,0,0.0000
closure116,5844,5844,1.0000,5844,1.0000,0,0.0000,5844,5844,1.0000,5844,1.0000,0,0.0000,5844,5844,1.0000,5844,1.0000,0,0.0000,5844,5844,1.0000,5844,1.0000,0,0.0000
closure117,5671,5671,1.0000,5671,1.0000,0,0.0000,5671,5671,1.0000,5671,1.0000,0,0.0000,5671,5671,1.0000,5671,1.0000,0,0.0000,5671,5671,1.0000,5671,1.0000,0,0.0000
closure118,6360,6360,1.0000,6360,1.0000,0,0.0000,6360,6360,1.0000,6360,1.0000,0,0.0000,6360,6360,1.0000,6360,1.0000,0,0.0000,6360,6360,1.0000,6360,1.0000,0,0.0000
closure119,3429,3429,1.0000,3429,1.0000,0,0.0000,3429,3429,1.0000,3429,1.0000,0,0.0000,3429,3429,1.0000,3429,1.0000,0,0.0000,3429,3429,1.0000,3429,1.0000,0,0.0000
closure120,3825,136,0.0356,118,0.0308,-18,-0.0047,3825,136,0.0356,118,0.0308,-18,-0.0047,3825,137,0.0358,118,0.0308,-19,-0.0050,3825,137,0.0358,118,0.0308,-19,-0.0050
closure121,3839,3839,1.0000,3839,1.0000,0,0.0000,3839,3839,1.0000,3839,1.0000,0,0.0000,3839,3839,1.0000,3839,1.0000,0,0.0000,3839,3839,1.0000,3839,1.0000,0,0.0000
closure122,1150,2,0.0017,1,0.0009,-1,-0.0009,1150,2,0.0017,1,0.0009,-1,-0.0009,1150,2,0.0017,1,0.0009,-1,-0.0009,1150,2,0.0017,1,0.0009,-1,-0.0009
closure123,1948,43,0.0221,31,0.0159,-12,-0.0062,1948,43,0.0221,31,0.0159,-12,-0.0062,1948,43,0.0221,31,0.0159,-12,-0.0062,1948,43,0.0221,31,0.0159,-12,-0.0062
closure124,2915,11,0.0038,10,0.0034,-1,-0.0003,2915,11,0.0038,10,0.0034,-1,-0.0003,2915,11,0.0038,10,0.0034,-1,-0.0003,2915,11,0.0038,10,0.0034,-1,-0.0003
closure125,5707,174,0.0305,148,0.0259,-26,-0.0046,5707,174,0.0305,148,0.0259,-26,-0.0046,5707,174,0.0305,148,0.0259,-26,-0.0046,5707,174,0.0305,148,0.0259,-26,-0.0046
closure126,3343,3343,1.0000,3343,1.0000,0,0.0000,3343,3343,1.0000,3343,1.0000,0,0.0000,3343,3343,1.0000,3343,1.0000,0,0.0000,3343,3343,1.0000,3343,1.0000,0,0.0000
closure127,3803,3803,1.0000,3803,1.0000,0,0.0000,3803,3803,1.0000,3803,1.0000,0,0.0000,3803,3803,1.0000,3803,1.0000,0,0.0000,3803,3803,1.0000,3803,1.0000,0,0.0000
closure128,1562,24,0.0154,22,0.0141,-2,-0.0013,1562,24,0.0154,22,0.0141,-2,-0.0013,1562,24,0.0154,22,0.0141,-2,-0.0013,1562,24,0.0154,22,0.0141,-2,-0.0013
closure129,6807,6807,1.0000,6807,1.0000,0,0.0000,6807,6807,1.0000,6807,1.0000,0,0.0000,6807,6807,1.0000,6807,1.0000,0,0.0000,6807,6807,1.0000,6807,1.0000,0,0.0000
closure130,4072,546,0.1341,442,0.1085,-104,-0.0255,4072,546,0.1341,442,0.1085,-104,-0.0255,4072,568,0.1395,446,0.1095,-122,-0.0300,4072,568,0.1395,446,0.1095,-122,-0.0300
closure131,2937,2937,1.0000,2937,1.0000,0,0.0000,2937,2937,1.0000,2937,1.0000,0,0.0000,2937,2937,1.0000,2937,1.0000,0,0.0000,2937,2937,1.0000,2937,1.0000,0,0.0000
closure132,3123,3123,1.0000,3123,1.0000,0,0.0000,3123,3123,1.0000,3123,1.0000,0,0.0000,3123,3123,1.0000,3123,1.0000,0,0.0000,3123,3123,1.0000,3123,1.0000,0,0.0000
closure133,1325,130,0.0981,86,0.0649,-44,-0.0332,1325,130,0.0981,86,0.0649,-44,-0.0332,1325,132,0.0996,86,0.0649,-46,-0.0347,1325,132,0.0996,86,0.0649,-46,-0.0347
lang1,38,5,0.1316,6,0.1579,1,0.0263,38,5,0.1316,6,0.1579,1,0.0263,38,5,0.1316,6,0.1579,1,0.0263,38,5,0.1316,6,0.1579,1,0.0263
lang2,29,17,0.5862,18,0.6207,1,0.0345,29,17,0.5862,18,0.6207,1,0.0345,29,17,0.5862,18,0.6207,1,0.0345,29,17,0.5862,18,0.6207,1,0.0345
lang3,56,56,1.0000,56,1.0000,0,0.0000,56,56,1.0000,56,1.0000,0,0.0000,56,56,1.0000,56,1.0000,0,0.0000,56,56,1.0000,56,1.0000,0,0.0000
lang4,23,23,1.0000,23,1.0000,0,0.0000,23,23,1.0000,23,1.0000,0,0.0000,23,23,1.0000,23,1.0000,0,0.0000,23,23,1.0000,23,1.0000,0,0.0000
lang5,16,16,1.0000,16,1.0000,0,0.0000,16,16,1.0000,16,1.0000,0,0.0000,16,16,1.0000,16,1.0000,0,0.0000,16,16,1.0000,16,1.0000,0,0.0000
lang6,130,98,0.7538,57,0.4385,-41,-0.3154,130,98,0.7538,57,0.4385,-41,-0.3154,130,98,0.7538,57,0.4385,-41,-0.3154,130,98,0.7538,57,0.4385,-41,-0.3154
lang7,217,217,1.0000,217,1.0000,0,0.0000,217,217,1.0000,217,1.0000,0,0.0000,217,217,1.0000,217,1.0000,0,0.0000,217,217,1.0000,217,1.0000,0,0.0000
lang8,312,312,1.0000,312,1.0000,0,0.0000,312,312,1.0000,312,1.0000,0,0.0000,312,312,1.0000,312,1.0000,0,0.0000,312,312,1.0000,312,1.0000,0,0.0000
lang9,206,74,0.3592,51,0.2476,-23,-0.1117,206,74,0.3592,51,0.2476,-23,-0.1117,206,70,0.3398,44,0.2136,-26,-0.1262,206,70,0.3398,44,0.2136,-26,-0.1262
lang10,262,262,1.0000,262,1.0000,0,0.0000,262,262,1.0000,262,1.0000,0,0.0000,262,262,1.0000,262,1.0000,0,0.0000,262,262,1.0000,262,1.0000,0,0.0000
lang11,11,11,1.0000,11,1.0000,0,0.0000,11,11,1.0000,11,1.0000,0,0.0000,11,11,1.0000,11,1.0000,0,0.0000,11,11,1.0000,11,1.0000,0,0.0000
lang12,17,17,1.0000,17,1.0000,0,0.0000,17,17,1.0000,17,1.0000,0,0.0000,17,17,1.0000,17,1.0000,0,0.0000,17,17,1.0000,17,1.0000,0,0.0000
lang13,29,29,1.0000,29,1.0000,0,0.0000,29,29,1.0000,29,1.0000,0,0.0000,29,29,1.0000,29,1.0000,0,0.0000,29,29,1.0000,29,1.0000,0,0.0000
lang14,5,5,1.0000,5,1.0000,0,0.0000,5,5,1.0000,5,1.0000,0,0.0000,5,5,1.0000,5,1.0000,0,0.0000,5,5,1.0000,5,1.0000,0,0.0000
lang15,420,416,0.9905,252,0.6000,-164,-0.3905,420,390,0.9286,225,0.5357,-165,-0.3929,420,416,0.9905,252,0.6000,-164,-0.3905,420,416,0.9905,252,0.6000,-164,-0.3905
lang16,100,27,0.2700,48,0.4800,21,0.2100,100,27,0.2700,48,0.4800,21,0.2100,100,27,0.2700,48,0.4800,21,0.2100,100,27,0.2700,48,0.4800,21,0.2100
lang17,131,131,1.0000,131,1.0000,0,0.0000,131,131,1.0000,131,1.0000,0,0.0000,131,131,1.0000,131,1.0000,0,0.0000,131,131,1.0000,131,1.0000,0,0.0000
lang18,275,275,1.0000,275,1.0000,0,0.0000,275,275,1.0000,275,1.0000,0,0.0000,275,275,1.0000,275,1.0000,0,0.0000,275,275,1.0000,275,1.0000,0,0.0000
lang19,26,26,1.0000,26,1.0000,0,0.0000,26,26,1.0000,26,1.0000,0,0.0000,26,26,1.0000,26,1.0000,0,0.0000,26,26,1.0000,26,1.0000,0,0.0000
lang20,48,25,0.5208,21,0.4375,-4,-0.0833,48,25,0.5208,21,0.4375,-4,-0.0833,48,25,0.5208,21,0.4375,-4,-0.0833,48,25,0.5208,21,0.4375,-4,-0.0833
lang21,4,4,1.0000,4,1.0000,0,0.0000,4,4,1.0000,4,1.0000,0,0.0000,4,4,1.0000,4,1.0000,0,0.0000,4,4,1.0000,4,1.0000,0,0.0000
lang22,69,69,1.0000,69,1.0000,0,0.0000,69,69,1.0000,69,1.0000,0,0.0000,69,69,1.0000,69,1.0000,0,0.0000,69,69,1.0000,69,1.0000,0,0.0000
lang23,135,135,1.0000,135,1.0000,0,0.0000,135,135,1.0000,135,1.0000,0,0.0000,135,135,1.0000,135,1.0000,0,0.0000,135,135,1.0000,135,1.0000,0,0.0000
lang24,160,64,0.4000,12,0.0750,-52,-0.3250,160,64,0.4000,12,0.0750,-52,-0.3250,160,64,0.4000,12,0.0750,-52,-0.3250,160,64,0.4000,12,0.0750,-52,-0.3250
lang25,16,16,1.0000,16,1.0000,0,0.0000,16,16,1.0000,16,1.0000,0,0.0000,16,16,1.0000,16,1.0000,0,0.0000,16,16,1.0000,16,1.0000,0,0.0000
lang26,130,7,0.0538,6,0.0462,-1,-0.0077,130,7,0.0538,6,0.0462,-1,-0.0077,130,7,0.0538,6,0.0462,-1,-0.0077,130,7,0.0538,6,0.0462,-1,-0.0077
lang27,216,131,0.6065,68,0.3148,-63,-0.2917,216,131,0.6065,68,0.3148,-63,-0.2917,216,131,0.6065,68,0.3148,-63,-0.2917,216,131,0.6065,68,0.3148,-63,-0.2917
lang28,31,4,0.1290,3,0.0968,-1,-0.0323,31,4,0.1290,3,0.0968,-1,-0.0323,31,4,0.1290,3,0.0968,-1,-0.0323,31,4,0.1290,3,0.0968,-1,-0.0323
lang29,136,136,1.0000,136,1.0000,0,0.0000,136,136,1.0000,136,1.0000,0,0.0000,136,136,1.0000,136,1.0000,0,0.0000,136,136,1.0000,136,1.0000,0,0.0000
lang30,72,72,1.0000,72,1.0000,0,0.0000,72,72,1.0000,72,1.0000,0,0.0000,72,72,1.0000,72,1.0000,0,0.0000,72,72,1.0000,72,1.0000,0,0.0000
lang31,32,32,1.0000,32,1.0000,0,0.0000,32,32,1.0000,32,1.0000,0,0.0000,32,32,1.0000,32,1.0000,0,0.0000,32,32,1.0000,32,1.0000,0,0.0000
lang32,76,76,1.0000,76,1.0000,0,0.0000,76,76,1.0000,76,1.0000,0,0.0000,76,76,1.0000,76,1.0000,0,0.0000,76,76,1.0000,76,1.0000,0,0.0000
lang33,59,7,0.1186,3,0.0508,-4,-0.0678,59,7,0.1186,3,0.0508,-4,-0.0678,59,7,0.1186,3,0.0508,-4,-0.0678,59,7,0.1186,3,0.0508,-4,-0.0678
lang34,456,66,0.1447,53,0.1162,-13,-0.0285,456,147,0.3224,122,0.2675,-25,-0.0548,456,63,0.1382,52,0.1140,-11,-0.0241,456,55,0.1206,46,0.1009,-9,-0.0197
lang35,27,27,1.0000,27,1.0000,0,0.0000,27,27,1.0000,27,1.0000,0,0.0000,27,27,1.0000,27,1.0000,0,0.0000,27,27,1.0000,27,1.0000,0,0.0000
lang36,257,257,1.0000,257,1.0000,0,0.0000,257,257,1.0000,257,1.0000,0,0.0000,257,257,1.0000,257,1.0000,0,0.0000,257,257,1.0000,257,1.0000,0,0.0000
lang37,26,26,1.0000,26,1.0000,0,0.0000,26,26,1.0000,26,1.0000,0,0.0000,26,26,1.0000,26,1.0000,0,0.0000,26,26,1.0000,26,1.0000,0,0.0000
lang38,161,3,0.0186,2,0.0124,-1,-0.0062,161,3,0.0186,2,0.0124,-1,-0.0062,161,3,0.0186,2,0.0124,-1,-0.0062,161,3,0.0186,2,0.0124,-1,-0.0062
lang39,51,27,0.5294,18,0.3529,-9,-0.1765,51,27,0.5294,18,0.3529,-9,-0.1765,51,27,0.5294,18,0.3529,-9,-0.1765,51,27,0.5294,18,0.3529,-9,-0.1765
lang40,4,2,0.5000,2,0.5000,0,0.0000,4,2,0.5000,2,0.5000,0,0.0000,4,2,0.5000,2,0.5000,0,0.0000,4,2,0.5000,2,0.5000,0,0.0000
lang41,50,50,1.0000,50,1.0000,0,0.0000,50,50,1.0000,50,1.0000,0,0.0000,50,50,1.0000,50,1.0000,0,0.0000,50,50,1.0000,50,1.0000,0,0.0000
lang42,145,17,0.1172,21,0.1448,4,0.0276,145,17,0.1172,21,0.1448,4,0.0276,145,17,0.1172,21,0.1448,4,0.0276,145,17,0.1172,21,0.1448,4,0.0276
lang43,27,6,0.2222,1,0.0370,-5,-0.1852,27,6,0.2222,1,0.0370,-5,-0.1852,27,6,0.2222,1,0.0370,-5,-0.1852,27,6,0.2222,1,0.0370,-5,-0.1852
lang44,22,3,0.1364,21,0.9545,18,0.8182,22,3,0.1364,21,0.9545,18,0.8182,22,3,0.1364,21,0.9545,18,0.8182,22,3,0.1364,21,0.9545,18,0.8182
lang45,24,24,1.0000,24,1.0000,0,0.0000,24,24,1.0000,24,1.0000,0,0.0000,24,24,1.0000,24,1.0000,0,0.0000,24,24,1.0000,24,1.0000,0,0.0000
lang46,22,22,1.0000,22,1.0000,0,0.0000,22,22,1.0000,22,1.0000,0,0.0000,22,22,1.0000,22,1.0000,0,0.0000,22,22,1.0000,22,1.0000,0,0.0000
lang47,39,9,0.2308,9,0.2308,0,0.0000,39,9,0.2308,9,0.2308,0,0.0000,39,9,0.2308,9,0.2308,0,0.0000,39,9,0.2308,9,0.2308,0,0.0000
lang48,12,12,1.0000,12,1.0000,0,0.0000,12,12,1.0000,12,1.0000,0,0.0000,12,12,1.0000,12,1.0000,0,0.0000,12,12,1.0000,12,1.0000,0,0.0000
lang49,46,1,0.0217,3,0.0652,2,0.0435,46,1,0.0217,3,0.0652,2,0.0435,46,1,0.0217,3,0.0652,2,0.0435,46,1,0.0217,3,0.0652,2,0.0435
lang50,204,204,1.0000,204,1.0000,0,0.0000,204,204,1.0000,204,1.0000,0,0.0000,204,204,1.0000,204,1.0000,0,0.0000,204,204,1.0000,204,1.0000,0,0.0000
lang51,19,19,1.0000,19,1.0000,0,0.0000,19,19,1.0000,19,1.0000,0,0.0000,19,19,1.0000,19,1.0000,0,0.0000,19,19,1.0000,19,1.0000,0,0.0000
lang52,27,27,1.0000,27,1.0000,0,0.0000,27,27,1.0000,27,1.0000,0,0.0000,27,27,1.0000,27,1.0000,0,0.0000,27,27,1.0000,27,1.0000,0,0.0000
lang53,40,40,1.0000,40,1.0000,0,0.0000,40,40,1.0000,40,1.0000,0,0.0000,40,40,1.0000,40,1.0000,0,0.0000,40,40,1.0000,40,1.0000,0,0.0000
lang54,19,4,0.2105,5,0.2632,1,0.0526,19,4,0.2105,5,0.2632,1,0.0526,19,4,0.2105,5,0.2632,1,0.0526,19,4,0.2105,5,0.2632,1,0.0526
lang55,22,8,0.3636,8,0.3636,0,0.0000,22,8,0.3636,8,0.3636,0,0.0000,22,8,0.3636,8,0.3636,0,0.0000,22,8,0.3636,8,0.3636,0,0.0000
lang56,138,138,1.0000,138,1.0000,0,0.0000,138,138,1.0000,138,1.0000,0,0.0000,138,138,1.0000,138,1.0000,0,0.0000,138,138,1.0000,138,1.0000,0,0.0000
lang57,6,6,1.0000,1,0.1667,0,0.0000,6,6,1.0000,1,0.1667,0,0.0000,6,6,1.0000,1,0.1667,0,0.0000,6,6,1.0000,1,0.1667,0,0.0000
lang58,54,54,1.0000,54,1.0000,0,0.0000,54,54,1.0000,54,1.0000,0,0.0000,54,54,1.0000,54,1.0000,0,0.0000,54,54,1.0000,54,1.0000,0,0.0000
lang59,12,6,0.5000,1,0.0833,-5,-0.4167,12,6,0.5000,1,0.0833,-5,-0.4167,12,6,0.5000,1,0.0833,-5,-0.4167,12,6,0.5000,1,0.0833,-5,-0.4167
lang60,64,64,1.0000,64,1.0000,0,0.0000,64,64,1.0000,64,1.0000,0,0.0000,64,64,1.0000,64,1.0000,0,0.0000,64,64,1.0000,64,1.0000,0,0.0000
lang61,67,21,0.3134,17,0.2537,-4,-0.0597,67,21,0.3134,17,0.2537,-4,-0.0597,67,21,0.3134,17,0.2537,-4,-0.0597,67,8,0.1194,4,0.0597,-4,-0.0597
lang62,101,101,1.0000,101,1.0000,0,0.0000,101,101,1.0000,101,1.0000,0,0.0000,101,101,1.0000,101,1.0000,0,0.0000,101,101,1.0000,101,1.0000,0,0.0000
lang63,115,115,1.0000,115,1.0000,0,0.0000,115,115,1.0000,115,1.0000,0,0.0000,115,115,1.0000,115,1.0000,0,0.0000,115,115,1.0000,115,1.0000,0,0.0000
lang64,42,42,1.0000,42,1.0000,0,0.0000,42,42,1.0000,42,1.0000,0,0.0000,42,42,1.0000,42,1.0000,0,0.0000,42,42,1.0000,42,1.0000,0,0.0000
lang65,23,23,1.0000,23,1.0000,0,0.0000,23,23,1.0000,23,1.0000,0,0.0000,23,23,1.0000,23,1.0000,0,0.0000,23,23,1.0000,23,1.0000,0,0.0000
math1,534,16,0.0300,10,0.0187,-6,-0.0112,534,14,0.0262,9,0.0169,-5,-0.0094,534,19,0.0356,11,0.0206,-8,-0.0150,534,19,0.0356,11,0.0206,-8,-0.0150
math2,138,44,0.3188,38,0.2754,-6,-0.0435,138,44,0.3188,38,0.2754,-6,-0.0435,138,44,0.3188,38,0.2754,-6,-0.0435,138,44,0.3188,38,0.2754,-6,-0.0435
math3,18,18,1.0000,18,1.0000,0,0.0000,18,18,1.0000,18,1.0000,0,0.0000,18,18,1.0000,18,1.0000,0,0.0000,18,18,1.0000,18,1.0000,0,0.0000
math4,314,314,1.0000,314,1.0000,0,0.0000,314,314,1.0000,314,1.0000,0,0.0000,314,314,1.0000,314,1.0000,0,0.0000,314,314,1.0000,314,1.0000,0,0.0000
math5,20,1,0.0500,1,0.0500,0,0.0000,20,1,0.0500,1,0.0500,0,0.0000,20,1,0.0500,1,0.0500,0,0.0000,20,1,0.0500,1,0.0500,0,0.0000
math6,2780,2780,1.0000,2780,1.0000,0,0.0000,2780,2780,1.0000,2780,1.0000,0,0.0000,2780,2780,1.0000,2780,1.0000,0,0.0000,2780,2780,1.0000,2780,1.0000,0,0.0000
math7,983,983,1.0000,983,1.0000,0,0.0000,983,983,1.0000,983,1.0000,0,0.0000,983,983,1.0000,983,1.0000,0,0.0000,983,983,1.0000,983,1.0000,0,0.0000
math8,125,125,1.0000,125,1.0000,0,0.0000,125,125,1.0000,125,1.0000,0,0.0000,125,125,1.0000,125,1.0000,0,0.0000,125,125,1.0000,125,1.0000,0,0.0000
math9,113,1,0.0088,3,0.0265,2,0.0177,113,1,0.0088,3,0.0265,2,0.0177,113,1,0.0088,3,0.0265,2,0.0177,113,1,0.0088,3,0.0265,2,0.0177
math10,341,341,1.0000,341,1.0000,0,0.0000,341,341,1.0000,341,1.0000,0,0.0000,341,341,1.0000,341,1.0000,0,0.0000,341,341,1.0000,341,1.0000,0,0.0000
math11,573,31,0.0541,50,0.0873,19,0.0332,573,31,0.0541,50,0.0873,19,0.0332,573,31,0.0541,50,0.0873,19,0.0332,573,31,0.0541,50,0.0873,19,0.0332
math12,445,445,1.0000,445,1.0000,0,0.0000,445,445,1.0000,445,1.0000,0,0.0000,445,445,1.0000,445,1.0000,0,0.0000,445,445,1.0000,445,1.0000,0,0.0000
math13,204,204,1.0000,204,1.0000,0,0.0000,204,204,1.0000,204,1.0000,0,0.0000,204,204,1.0000,204,1.0000,0,0.0000,204,204,1.0000,204,1.0000,0,0.0000
math14,165,165,1.0000,165,1.0000,0,0.0000,165,165,1.0000,165,1.0000,0,0.0000,165,165,1.0000,165,1.0000,0,0.0000,165,165,1.0000,165,1.0000,0,0.0000
math15,796,796,1.0000,796,1.0000,0,0.0000,796,796,1.0000,796,1.0000,0,0.0000,796,796,1.0000,796,1.0000,0,0.0000,796,796,1.0000,796,1.0000,0,0.0000
math16,705,705,1.0000,705,1.0000,0,0.0000,705,705,1.0000,705,1.0000,0,0.0000,705,705,1.0000,705,1.0000,0,0.0000,705,705,1.0000,705,1.0000,0,0.0000
math17,717,717,1.0000,717,1.0000,0,0.0000,717,717,1.0000,717,1.0000,0,0.0000,717,717,1.0000,717,1.0000,0,0.0000,717,717,1.0000,717,1.0000,0,0.0000
math18,1109,1109,1.0000,1109,1.0000,0,0.0000,1109,1109,1.0000,1109,1.0000,0,0.0000,1109,1109,1.0000,1109,1.0000,0,0.0000,1109,1109,1.0000,1109,1.0000,0,0.0000
math19,668,668,1.0000,668,1.0000,0,0.0000,668,668,1.0000,668,1.0000,0,0.0000,668,668,1.0000,668,1.0000,0,0.0000,668,668,1.0000,668,1.0000,0,0.0000
math20,1062,600,0.5650,316,0.2976,-284,-0.2674,1062,600,0.5650,315,0.2966,-285,-0.2684,1062,600,0.5650,316,0.2976,-284,-0.2674,1062,600,0.5650,316,0.2976,-284,-0.2674
math21,212,71,0.3349,78,0.3679,7,0.0330,212,71,0.3349,80,0.3774,9,0.0425,212,72,0.3396,79,0.3726,7,0.0330,212,66,0.3113,75,0.3538,9,0.0425
math22,292,2,0.0068,2,0.0068,0,0.0000,292,2,0.0068,2,0.0068,0,0.0000,292,2,0.0068,2,0.0068,0,0.0000,292,2,0.0068,2,0.0068,0,0.0000
math23,303,303,1.0000,303,1.0000,0,0.0000,303,303,1.0000,303,1.0000,0,0.0000,303,303,1.0000,303,1.0000,0,0.0000,303,303,1.0000,303,1.0000,0,0.0000
math24,310,310,1.0000,310,1.0000,0,0.0000,310,310,1.0000,310,1.0000,0,0.0000,310,310,1.0000,310,1.0000,0,0.0000,309,309,1.0000,309,1.0000,0,0.0000
math25,72,72,1.0000,72,1.0000,0,0.0000,72,72,1.0000,72,1.0000,0,0.0000,72,72,1.0000,72,1.0000,0,0.0000,72,72,1.0000,72,1.0000,0,0.0000
math26,448,48,0.1071,40,0.0893,-8,-0.0179,448,48,0.1071,40,0.0893,-8,-0.0179,448,48,0.1071,40,0.0893,-8,-0.0179,448,48,0.1071,40,0.0893,-8,-0.0179
math27,66,1,0.0152,1,0.0152,0,0.0000,66,1,0.0152,1,0.0152,0,0.0000,66,1,0.0152,1,0.0152,0,0.0000,66,1,0.0152,1,0.0152,0,0.0000
math28,412,412,1.0000,412,1.0000,0,0.0000,412,412,1.0000,412,1.0000,0,0.0000,412,412,1.0000,412,1.0000,0,0.0000,412,412,1.0000,412,1.0000,0,0.0000
math29,206,21,0.1019,32,0.1553,11,0.0534,206,11,0.0534,13,0.0631,2,0.0097,206,65,0.3155,58,0.2816,-7,-0.0340,206,114,0.5534,98,0.4757,-16,-0.0777
math30,348,42,0.1207,60,0.1724,18,0.0517,348,41,0.1178,60,0.1724,19,0.0546,348,42,0.1207,60,0.1724,18,0.0517,348,42,0.1207,60,0.1724,18,0.0517
math31,489,489,1.0000,489,1.0000,0,0.0000,489,489,1.0000,489,1.0000,0,0.0000,489,489,1.0000,489,1.0000,0,0.0000,489,489,1.0000,489,1.0000,0,0.0000
math32,1399,4,0.0029,5,0.0036,1,0.0007,1399,4,0.0029,5,0.0036,1,0.0007,1399,4,0.0029,5,0.0036,1,0.0007,1399,4,0.0029,5,0.0036,1,0.0007
math33,405,44,0.1086,28,0.0691,-16,-0.0395,405,44,0.1086,28,0.0691,-16,-0.0395,405,44,0.1086,28,0.0691,-16,-0.0395,405,44,0.1086,28,0.0691,-16,-0.0395
math34,33,3,0.0909,1,0.0303,-2,-0.0606,33,3,0.0909,1,0.0303,-2,-0.0606,33,3,0.0909,1,0.0303,-2,-0.0606,33,3,0.0909,1,0.0303,-2,-0.0606
math35,18,12,0.6667,7,0.3889,-5,-0.2778,18,12,0.6667,7,0.3889,-5,-0.2778,18,12,0.6667,7,0.3889,-5,-0.2778,18,12,0.6667,7,0.3889,-5,-0.2778
math36,358,358,1.0000,358,1.0000,0,0.0000,358,358,1.0000,358,1.0000,0,0.0000,358,358,1.0000,358,1.0000,0,0.0000,358,358,1.0000,358,1.0000,0,0.0000
math37,263,263,1.0000,263,1.0000,0,0.0000,263,263,1.0000,263,1.0000,0,0.0000,263,263,1.0000,263,1.0000,0,0.0000,263,263,1.0000,263,1.0000,0,0.0000
math38,291,291,1.0000,291,1.0000,0,0.0000,291,291,1.0000,291,1.0000,0,0.0000,291,291,1.0000,291,1.0000,0,0.0000,291,291,1.0000,291,1.0000,0,0.0000
math39,513,513,1.0000,513,1.0000,0,0.0000,513,513,1.0000,513,1.0000,0,0.0000,513,513,1.0000,513,1.0000,0,0.0000,513,513,1.0000,513,1.0000,0,0.0000
math40,183,183,1.0000,183,1.0000,0,0.0000,183,183,1.0000,183,1.0000,0,0.0000,183,183,1.0000,183,1.0000,0,0.0000,183,183,1.0000,183,1.0000,0,0.0000
math41,116,43,0.3707,47,0.4052,4,0.0345,116,43,0.3707,47,0.4052,4,0.0345,116,43,0.3707,47,0.4052,4,0.0345,116,43,0.3707,47,0.4052,4,0.0345
math42,376,376,1.0000,376,1.0000,0,0.0000,376,376,1.0000,376,1.0000,0,0.0000,376,376,1.0000,376,1.0000,0,0.0000,376,376,1.0000,376,1.0000,0,0.0000
math43,338,71,0.2101,71,0.2101,0,0.0000,338,87,0.2574,87,0.2574,0,0.0000,338,61,0.1805,61,0.1805,0,0.0000,338,54,0.1598,57,0.1686,3,0.0089
math44,815,815,1.0000,815,1.0000,0,0.0000,815,815,1.0000,815,1.0000,0,0.0000,815,815,1.0000,815,1.0000,0,0.0000,815,815,1.0000,815,1.0000,0,0.0000
math45,10,2,0.2000,2,0.2000,0,0.0000,10,2,0.2000,2,0.2000,0,0.0000,10,2,0.2000,2,0.2000,0,0.0000,10,2,0.2000,2,0.2000,0,0.0000
math46,352,352,1.0000,352,1.0000,0,0.0000,352,352,1.0000,352,1.0000,0,0.0000,352,352,1.0000,352,1.0000,0,0.0000,352,352,1.0000,352,1.0000,0,0.0000
math47,402,402,1.0000,402,1.0000,0,0.0000,402,402,1.0000,402,1.0000,0,0.0000,402,402,1.0000,402,1.0000,0,0.0000,402,402,1.0000,402,1.0000,0,0.0000
math48,741,355,0.4791,682,0.9204,327,0.4413,741,355,0.4791,682,0.9204,327,0.4413,741,355,0.4791,682,0.9204,327,0.4413,741,355,0.4791,682,0.9204,327,0.4413
math49,424,424,1.0000,424,1.0000,0,0.0000,424,424,1.0000,424,1.0000,0,0.0000,424,424,1.0000,424,1.0000,0,0.0000,424,424,1.0000,424,1.0000,0,0.0000
math50,391,391,1.0000,391,1.0000,0,0.0000,391,391,1.0000,391,1.0000,0,0.0000,391,391,1.0000,391,1.0000,0,0.0000,391,391,1.0000,391,1.0000,0,0.0000
math51,408,408,1.0000,408,1.0000,0,0.0000,408,408,1.0000,408,1.0000,0,0.0000,408,408,1.0000,408,1.0000,0,0.0000,408,408,1.0000,408,1.0000,0,0.0000
math52,412,412,1.0000,412,1.0000,0,0.0000,412,412,1.0000,412,1.0000,0,0.0000,412,412,1.0000,412,1.0000,0,0.0000,412,412,1.0000,412,1.0000,0,0.0000
math53,20,2,0.1000,2,0.1000,0,0.0000,20,2,0.1000,2,0.1000,0,0.0000,20,2,0.1000,2,0.1000,0,0.0000,20,2,0.1000,2,0.1000,0,0.0000
math54,672,672,1.0000,672,1.0000,0,0.0000,672,672,1.0000,672,1.0000,0,0.0000,672,672,1.0000,672,1.0000,0,0.0000,672,672,1.0000,672,1.0000,0,0.0000
math55,36,36,1.0000,36,1.0000,0,0.0000,36,36,1.0000,36,1.0000,0,0.0000,36,36,1.0000,36,1.0000,0,0.0000,36,36,1.0000,36,1.0000,0,0.0000
math56,352,352,1.0000,352,1.0000,0,0.0000,352,352,1.0000,352,1.0000,0,0.0000,352,352,1.0000,352,1.0000,0,0.0000,352,352,1.0000,352,1.0000,0,0.0000
math57,362,4,0.0110,9,0.0249,5,0.0138,362,4,0.0110,9,0.0249,5,0.0138,362,4,0.0110,9,0.0249,5,0.0138,362,4,0.0110,9,0.0249,5,0.0138
math58,1181,552,0.4674,249,0.2108,-303,-0.2566,1181,551,0.4666,249,0.2108,-302,-0.2557,1181,552,0.4674,249,0.2108,-303,-0.2566,1181,552,0.4674,249,0.2108,-303,-0.2566
math59,921,2,0.0022,2,0.0022,0,0.0000,921,2,0.0022,2,0.0022,0,0.0000,921,2,0.0022,2,0.0022,0,0.0000,921,2,0.0022,2,0.0022,0,0.0000
math60,478,478,1.0000,478,1.0000,0,0.0000,478,478,1.0000,478,1.0000,0,0.0000,478,478,1.0000,478,1.0000,0,0.0000,478,478,1.0000,478,1.0000,0,0.0000
math61,598,598,1.0000,598,1.0000,0,0.0000,598,598,1.0000,598,1.0000,0,0.0000,598,598,1.0000,598,1.0000,0,0.0000,598,598,1.0000,598,1.0000,0,0.0000
math62,467,135,0.2891,357,0.7645,222,0.4754,467,134,0.2869,357,0.7645,223,0.4775,467,135,0.2891,357,0.7645,222,0.4754,467,135,0.2891,357,0.7645,222,0.4754
math63,10,1,0.1000,2,0.2000,1,0.1000,10,1,0.1000,2,0.2000,1,0.1000,10,1,0.1000,2,0.2000,1,0.1000,10,1,0.1000,2,0.2000,1,0.1000
math64,381,381,1.0000,381,1.0000,0,0.0000,381,381,1.0000,381,1.0000,0,0.0000,381,381,1.0000,381,1.0000,0,0.0000,381,381,1.0000,381,1.0000,0,0.0000
math65,414,414,1.0000,414,1.0000,0,0.0000,414,414,1.0000,414,1.0000,0,0.0000,414,414,1.0000,414,1.0000,0,0.0000,414,414,1.0000,414,1.0000,0,0.0000
math66,619,619,1.0000,619,1.0000,0,0.0000,619,619,1.0000,619,1.0000,0,0.0000,619,619,1.0000,619,1.0000,0,0.0000,619,619,1.0000,619,1.0000,0,0.0000
math67,428,428,1.0000,428,1.0000,0,0.0000,428,428,1.0000,428,1.0000,0,0.0000,428,428,1.0000,428,1.0000,0,0.0000,427,427,1.0000,427,1.0000,0,0.0000
math68,376,376,1.0000,376,1.0000,0,0.0000,376,376,1.0000,376,1.0000,0,0.0000,376,376,1.0000,376,1.0000,0,0.0000,376,376,1.0000,376,1.0000,0,0.0000
math69,253,44,0.1739,31,0.1225,-13,-0.0514,253,44,0.1739,30,0.1186,-14,-0.0553,253,44,0.1739,31,0.1225,-13,-0.0514,253,44,0.1739,31,0.1225,-13,-0.0514
math70,30,1,0.0333,1,0.0333,0,0.0000,30,1,0.0333,1,0.0333,0,0.0000,30,1,0.0333,1,0.0333,0,0.0000,30,1,0.0333,1,0.0333,0,0.0000
math71,494,2,0.0040,2,0.0040,0,0.0000,494,2,0.0040,2,0.0040,0,0.0000,494,2,0.0040,2,0.0040,0,0.0000,494,2,0.0040,2,0.0040,0,0.0000
math72,65,65,1.0000,65,1.0000,0,0.0000,65,65,1.0000,65,1.0000,0,0.0000,65,65,1.0000,65,1.0000,0,0.0000,65,65,1.0000,65,1.0000,0,0.0000
math73,92,92,1.0000,92,1.0000,0,0.0000,92,92,1.0000,92,1.0000,0,0.0000,92,92,1.0000,92,1.0000,0,0.0000,92,92,1.0000,92,1.0000,0,0.0000
math74,1099,1099,1.0000,1099,1.0000,0,0.0000,1099,1099,1.0000,1099,1.0000,0,0.0000,1099,1099,1.0000,1099,1.0000,0,0.0000,1099,1099,1.0000,1099,1.0000,0,0.0000
math75,53,1,0.0189,1,0.0189,0,0.0000,53,1,0.0189,1,0.0189,0,0.0000,53,1,0.0189,1,0.0189,0,0.0000,53,1,0.0189,1,0.0189,0,0.0000
math76,550,550,1.0000,550,1.0000,0,0.0000,550,550,1.0000,550,1.0000,0,0.0000,550,550,1.0000,550,1.0000,0,0.0000,550,550,1.0000,550,1.0000,0,0.0000
math77,136,136,1.0000,136,1.0000,0,0.0000,136,136,1.0000,136,1.0000,0,0.0000,136,136,1.0000,136,1.0000,0,0.0000,136,136,1.0000,136,1.0000,0,0.0000
math78,177,177,1.0000,177,1.0000,0,0.0000,177,177,1.0000,177,1.0000,0,0.0000,177,177,1.0000,177,1.0000,0,0.0000,177,177,1.0000,177,1.0000,0,0.0000
math79,40,32,0.8000,28,0.7000,-4,-0.1000,40,32,0.8000,28,0.7000,-4,-0.1000,40,32,0.8000,28,0.7000,-4,-0.1000,40,32,0.8000,28,0.7000,-4,-0.1000
math80,619,14,0.0226,12,0.0194,-2,-0.0032,619,14,0.0226,12,0.0194,-2,-0.0032,619,14,0.0226,12,0.0194,-2,-0.0032,619,14,0.0226,12,0.0194,-2,-0.0032
math81,458,458,1.0000,458,1.0000,0,0.0000,458,458,1.0000,458,1.0000,0,0.0000,458,458,1.0000,458,1.0000,0,0.0000,458,458,1.0000,458,1.0000,0,0.0000
math82,252,151,0.5992,136,0.5397,-15,-0.0595,252,151,0.5992,136,0.5397,-15,-0.0595,252,151,0.5992,136,0.5397,-15,-0.0595,252,151,0.5992,136,0.5397,-15,-0.0595
math83,274,136,0.4964,128,0.4672,-8,-0.0292,274,136,0.4964,128,0.4672,-8,-0.0292,274,136,0.4964,128,0.4672,-8,-0.0292,274,136,0.4964,128,0.4672,-8,-0.0292
math84,146,146,1.0000,146,1.0000,0,0.0000,146,146,1.0000,146,1.0000,0,0.0000,146,146,1.0000,146,1.0000,0,0.0000,146,146,1.0000,146,1.0000,0,0.0000
math85,111,78,0.7027,60,0.5405,-18,-0.1622,111,78,0.7027,60,0.5405,-18,-0.1622,111,78,0.7027,60,0.5405,-18,-0.1622,111,78,0.7027,60,0.5405,-18,-0.1622
math86,194,194,1.0000,194,1.0000,0,0.0000,194,194,1.0000,194,1.0000,0,0.0000,194,194,1.0000,194,1.0000,0,0.0000,194,194,1.0000,194,1.0000,0,0.0000
math87,253,253,1.0000,253,1.0000,0,0.0000,253,253,1.0000,253,1.0000,0,0.0000,253,253,1.0000,253,1.0000,0,0.0000,253,253,1.0000,253,1.0000,0,0.0000
math88,267,267,1.0000,267,1.0000,0,0.0000,267,267,1.0000,267,1.0000,0,0.0000,267,267,1.0000,267,1.0000,0,0.0000,267,267,1.0000,267,1.0000,0,0.0000
math89,4,4,1.0000,4,1.0000,0,0.0000,4,4,1.0000,4,1.0000,0,0.0000,4,4,1.0000,4,1.0000,0,0.0000,4,4,1.0000,4,1.0000,0,0.0000
math90,8,8,1.0000,8,1.0000,0,0.0000,8,8,1.0000,8,1.0000,0,0.0000,8,8,1.0000,8,1.0000,0,0.0000,8,8,1.0000,8,1.0000,0,0.0000
math91,39,2,0.0513,3,0.0769,1,0.0256,39,2,0.0513,3,0.0769,1,0.0256,39,2,0.0513,3,0.0769,1,0.0256,39,2,0.0513,3,0.0769,1,0.0256
math92,28,28,1.0000,28,1.0000,0,0.0000,28,28,1.0000,28,1.0000,0,0.0000,28,28,1.0000,28,1.0000,0,0.0000,28,28,1.0000,28,1.0000,0,0.0000
math93,11,11,1.0000,11,1.0000,0,0.0000,11,11,1.0000,11,1.0000,0,0.0000,11,11,1.0000,11,1.0000,0,0.0000,11,11,1.0000,11,1.0000,0,0.0000
math94,21,6,0.2857,12,0.5714,6,0.2857,21,6,0.2857,12,0.5714,6,0.2857,21,6,0.2857,12,0.5714,6,0.2857,21,6,0.2857,12,0.5714,6,0.2857
math95,95,95,1.0000,95,1.0000,0,0.0000,95,95,1.0000,95,1.0000,0,0.0000,95,95,1.0000,95,1.0000,0,0.0000,95,95,1.0000,95,1.0000,0,0.0000
math96,24,5,0.2083,5,0.2083,0,0.0000,24,5,0.2083,5,0.2083,0,0.0000,24,5,0.2083,5,0.2083,0,0.0000,24,5,0.2083,5,0.2083,0,0.0000
math97,48,48,1.0000,48,1.0000,0,0.0000,48,48,1.0000,48,1.0000,0,0.0000,48,48,1.0000,48,1.0000,0,0.0000,48,48,1.0000,48,1.0000,0,0.0000
math98,60,13,0.2167,11,0.1833,-2,-0.0333,60,13,0.2167,11,0.1833,-2,-0.0333,60,13,0.2167,11,0.1833,-2,-0.0333,60,13,0.2167,11,0.1833,-2,-0.0333
math99,31,30,0.9677,29,0.9355,-1,-0.0323,31,30,0.9677,29,0.9355,-1,-0.0323,31,31,1.0000,29,0.9355,0,0.0000,31,31,1.0000,29,0.9355,0,0.0000
math100,232,232,1.0000,232,1.0000,0,0.0000,232,232,1.0000,232,1.0000,0,0.0000,232,232,1.0000,232,1.0000,0,0.0000,232,232,1.0000,232,1.0000,0,0.0000
math101,63,12,0.1905,7,0.1111,-5,-0.0794,63,12,0.1905,7,0.1111,-5,-0.0794,63,12,0.1905,7,0.1111,-5,-0.0794,63,12,0.1905,7,0.1111,-5,-0.0794
math102,204,204,1.0000,204,1.0000,0,0.0000,204,204,1.0000,204,1.0000,0,0.0000,204,204,1.0000,204,1.0000,0,0.0000,204,204,1.0000,204,1.0000,0,0.0000
math103,75,75,1.0000,75,1.0000,0,0.0000,75,75,1.0000,75,1.0000,0,0.0000,75,75,1.0000,75,1.0000,0,0.0000,75,75,1.0000,75,1.0000,0,0.0000
math104,61,61,1.0000,61,1.0000,0,0.0000,61,61,1.0000,61,1.0000,0,0.0000,61,61,1.0000,61,1.0000,0,0.0000,61,61,1.0000,61,1.0000,0,0.0000
math105,25,25,1.0000,1,0.0400,0,0.0000,25,25,1.0000,1,0.0400,0,0.0000,25,25,1.0000,1,0.0400,0,0.0000,25,25,1.0000,1,0.0400,0,0.0000
math106,72,72,1.0000,72,1.0000,0,0.0000,72,72,1.0000,72,1.0000,0,0.0000,72,72,1.0000,72,1.0000,0,0.0000,72,72,1.0000,72,1.0000,0,0.0000
mockito1,1172,2,0.0017,2,0.0017,0,0.0000,1172,2,0.0017,3,0.0026,1,0.0009,1172,2,0.0017,2,0.0017,0,0.0000,1172,2,0.0017,2,0.0017,0,0.0000
mockito2,293,293,1.0000,293,1.0000,0,0.0000,293,293,1.0000,293,1.0000,0,0.0000,293,293,1.0000,293,1.0000,0,0.0000,293,293,1.0000,293,1.0000,0,0.0000
mockito3,954,954,1.0000,954,1.0000,0,0.0000,954,954,1.0000,954,1.0000,0,0.0000,954,954,1.0000,954,1.0000,0,0.0000,954,954,1.0000,954,1.0000,0,0.0000
mockito4,707,707,1.0000,707,1.0000,0,0.0000,707,707,1.0000,707,1.0000,0,0.0000,707,707,1.0000,707,1.0000,0,0.0000,707,707,1.0000,707,1.0000,0,0.0000
mockito5,142,142,1.0000,142,1.0000,0,0.0000,142,142,1.0000,142,1.0000,0,0.0000,142,142,1.0000,142,1.0000,0,0.0000,142,142,1.0000,142,1.0000,0,0.0000
mockito6,879,879,1.0000,879,1.0000,0,0.0000,879,879,1.0000,879,1.0000,0,0.0000,879,879,1.0000,879,1.0000,0,0.0000,879,879,1.0000,879,1.0000,0,0.0000
mockito7,646,50,0.0774,42,0.0650,-8,-0.0124,646,50,0.0774,42,0.0650,-8,-0.0124,646,50,0.0774,42,0.0650,-8,-0.0124,646,50,0.0774,42,0.0650,-8,-0.0124
mockito8,60,60,1.0000,60,1.0000,0,0.0000,60,60,1.0000,60,1.0000,0,0.0000,60,60,1.0000,60,1.0000,0,0.0000,60,60,1.0000,60,1.0000,0,0.0000
mockito9,623,623,1.0000,623,1.0000,0,0.0000,623,623,1.0000,623,1.0000,0,0.0000,623,623,1.0000,623,1.0000,0,0.0000,623,623,1.0000,623,1.0000,0,0.0000
mockito10,510,510,1.0000,510,1.0000,0,0.0000,510,510,1.0000,510,1.0000,0,0.0000,510,510,1.0000,510,1.0000,0,0.0000,510,510,1.0000,510,1.0000,0,0.0000
mockito11,239,239,1.0000,239,1.0000,0,0.0000,239,239,1.0000,239,1.0000,0,0.0000,239,239,1.0000,239,1.0000,0,0.0000,239,239,1.0000,239,1.0000,0,0.0000
mockito12,279,279,1.0000,279,1.0000,0,0.0000,279,279,1.0000,279,1.0000,0,0.0000,279,279,1.0000,279,1.0000,0,0.0000,279,279,1.0000,279,1.0000,0,0.0000
mockito13,625,625,1.0000,625,1.0000,0,0.0000,625,625,1.0000,625,1.0000,0,0.0000,625,625,1.0000,625,1.0000,0,0.0000,625,625,1.0000,625,1.0000,0,0.0000
mockito14,626,626,1.0000,626,1.0000,0,0.0000,626,626,1.0000,626,1.0000,0,0.0000,626,626,1.0000,626,1.0000,0,0.0000,626,626,1.0000,626,1.0000,0,0.0000
mockito15,475,475,1.0000,475,1.0000,0,0.0000,475,475,1.0000,475,1.0000,0,0.0000,475,475,1.0000,475,1.0000,0,0.0000,475,475,1.0000,475,1.0000,0,0.0000
mockito16,458,458,1.0000,458,1.0000,0,0.0000,458,458,1.0000,458,1.0000,0,0.0000,458,458,1.0000,458,1.0000,0,0.0000,458,458,1.0000,458,1.0000,0,0.0000
mockito17,213,213,1.0000,213,1.0000,0,0.0000,213,213,1.0000,213,1.0000,0,0.0000,213,213,1.0000,213,1.0000,0,0.0000,213,213,1.0000,213,1.0000,0,0.0000
mockito18,303,9,0.0297,9,0.0297,0,0.0000,303,9,0.0297,9,0.0297,0,0.0000,303,9,0.0297,9,0.0297,0,0.0000,303,9,0.0297,9,0.0297,0,0.0000
mockito19,853,853,1.0000,853,1.0000,0,0.0000,853,853,1.0000,853,1.0000,0,0.0000,853,853,1.0000,853,1.0000,0,0.0000,853,853,1.0000,853,1.0000,0,0.0000
mockito20,937,937,1.0000,937,1.0000,0,0.0000,937,937,1.0000,937,1.0000,0,0.0000,937,937,1.0000,937,1.0000,0,0.0000,937,937,1.0000,937,1.0000,0,0.0000
mockito21,224,224,1.0000,224,1.0000,0,0.0000,224,224,1.0000,224,1.0000,0,0.0000,224,224,1.0000,224,1.0000,0,0.0000,224,224,1.0000,224,1.0000,0,0.0000
mockito22,211,11,0.0521,10,0.0474,-1,-0.0047,211,11,0.0521,10,0.0474,-1,-0.0047,211,11,0.0521,10,0.0474,-1,-0.0047,211,11,0.0521,10,0.0474,-1,-0.0047
mockito23,679,679,1.0000,679,1.0000,0,0.0000,679,679,1.0000,679,1.0000,0,0.0000,679,679,1.0000,679,1.0000,0,0.0000,679,679,1.0000,679,1.0000,0,0.0000
mockito24,651,1,0.0015,1,0.0015,0,0.0000,651,1,0.0015,1,0.0015,0,0.0000,651,1,0.0015,1,0.0015,0,0.0000,651,1,0.0015,1,0.0015,0,0.0000
mockito25,618,618,1.0000,618,1.0000,0,0.0000,618,618,1.0000,618,1.0000,0,0.0000,618,618,1.0000,618,1.0000,0,0.0000,618,618,1.0000,618,1.0000,0,0.0000
mockito26,761,221,0.2904,147,0.1932,-74,-0.0972,761,221,0.2904,147,0.1932,-74,-0.0972,761,126,0.1656,88,0.1156,-38,-0.0499,761,113,0.1485,78,0.1025,-35,-0.0460
mockito27,597,26,0.0436,18,0.0302,-8,-0.0134,597,26,0.0436,18,0.0302,-8,-0.0134,597,26,0.0436,18,0.0302,-8,-0.0134,597,26,0.0436,18,0.0302,-8,-0.0134
mockito28,559,198,0.3542,160,0.2862,-38,-0.0680,559,198,0.3542,160,0.2862,-38,-0.0680,559,198,0.3542,160,0.2862,-38,-0.0680,559,198,0.3542,160,0.2862,-38,-0.0680
mockito29,638,638,1.0000,638,1.0000,0,0.0000,638,638,1.0000,638,1.0000,0,0.0000,638,638,1.0000,638,1.0000,0,0.0000,638,638,1.0000,638,1.0000,0,0.0000
mockito30,277,277,1.0000,277,1.0000,0,0.0000,277,277,1.0000,277,1.0000,0,0.0000,277,277,1.0000,277,1.0000,0,0.0000,277,277,1.0000,277,1.0000,0,0.0000
mockito31,238,238,1.0000,238,1.0000,0,0.0000,238,238,1.0000,238,1.0000,0,0.0000,238,238,1.0000,238,1.0000,0,0.0000,238,238,1.0000,238,1.0000,0,0.0000
mockito32,688,688,1.0000,688,1.0000,0,0.0000,688,688,1.0000,688,1.0000,0,0.0000,688,688,1.0000,688,1.0000,0,0.0000,688,688,1.0000,688,1.0000,0,0.0000
mockito33,686,686,1.0000,686,1.0000,0,0.0000,686,686,1.0000,686,1.0000,0,0.0000,686,686,1.0000,686,1.0000,0,0.0000,686,686,1.0000,686,1.0000,0,0.0000
mockito34,572,61,0.1066,54,0.0944,-7,-0.0122,572,61,0.1066,54,0.0944,-7,-0.0122,572,50,0.0874,45,0.0787,-5,-0.0087,572,50,0.0874,45,0.0787,-5,-0.0087
mockito35,433,10,0.0231,6,0.0139,-4,-0.0092,433,10,0.0231,6,0.0139,-4,-0.0092,433,33,0.0762,23,0.0531,-10,-0.0231,433,52,0.1201,37,0.0855,-15,-0.0346
mockito36,517,517,1.0000,517,1.0000,0,0.0000,517,517,1.0000,517,1.0000,0,0.0000,517,517,1.0000,517,1.0000,0,0.0000,517,517,1.0000,517,1.0000,0,0.0000
mockito37,460,460,1.0000,460,1.0000,0,0.0000,460,460,1.0000,460,1.0000,0,0.0000,460,460,1.0000,460,1.0000,0,0.0000,460,460,1.0000,460,1.0000,0,0.0000
mockito38,581,581,1.0000,581,1.0000,0,0.0000,581,581,1.0000,581,1.0000,0,0.0000,581,581,1.0000,581,1.0000,0,0.0000,581,581,1.0000,581,1.0000,0,0.0000
time1,1002,1002,1.0000,1002,1.0000,0,0.0000,1002,1002,1.0000,1002,1.0000,0,0.0000,1002,1002,1.0000,1002,1.0000,0,0.0000,1002,1002,1.0000,1002,1.0000,0,0.0000
time2,1700,1700,1.0000,1700,1.0000,0,0.0000,1700,1700,1.0000,1700,1.0000,0,0.0000,1700,1700,1.0000,1700,1.0000,0,0.0000,1700,1700,1.0000,1700,1.0000,0,0.0000
time3,1808,1808,1.0000,1808,1.0000,0,0.0000,1808,1808,1.0000,1808,1.0000,0,0.0000,1808,1808,1.0000,1808,1.0000,0,0.0000,1808,1808,1.0000,1808,1.0000,0,0.0000
time4,1706,30,0.0176,28,0.0164,-2,-0.0012,1706,30,0.0176,28,0.0164,-2,-0.0012,1706,30,0.0176,28,0.0164,-2,-0.0012,1706,30,0.0176,28,0.0164,-2,-0.0012
time5,1202,1202,1.0000,1202,1.0000,0,0.0000,1202,1202,1.0000,1202,1.0000,0,0.0000,1202,1202,1.0000,1202,1.0000,0,0.0000,1202,1202,1.0000,1202,1.0000,0,0.0000
time6,1285,1285,1.0000,1285,1.0000,0,0.0000,1285,1285,1.0000,1285,1.0000,0,0.0000,1285,1285,1.0000,1285,1.0000,0,0.0000,1285,1285,1.0000,1285,1.0000,0,0.0000
time7,1969,17,0.0086,18,0.0091,1,0.0005,1969,17,0.0086,18,0.0091,1,0.0005,1969,16,0.0081,17,0.0086,1,0.0005,1969,16,0.0081,17,0.0086,1,0.0005
time8,460,460,1.0000,460,1.0000,0,0.0000,460,460,1.0000,460,1.0000,0,0.0000,460,460,1.0000,460,1.0000,0,0.0000,460,460,1.0000,460,1.0000,0,0.0000
time9,461,32,0.0694,31,0.0672,-1,-0.0022,461,32,0.0694,31,0.0672,-1,-0.0022,461,32,0.0694,31,0.0672,-1,-0.0022,461,32,0.0694,31,0.0672,-1,-0.0022
time10,1620,1620,1.0000,1620,1.0000,0,0.0000,1620,1620,1.0000,1620,1.0000,0,0.0000,1620,1620,1.0000,1620,1.0000,0,0.0000,1620,1620,1.0000,1620,1.0000,0,0.0000
time11,1259,1259,1.0000,1259,1.0000,0,0.0000,1259,1259,1.0000,1259,1.0000,0,0.0000,1259,1259,1.0000,1259,1.0000,0,0.0000,1259,1259,1.0000,1259,1.0000,0,0.0000
time12,1541,1541,1.0000,1541,1.0000,0,0.0000,1541,1541,1.0000,1541,1.0000,0,0.0000,1541,1541,1.0000,1541,1.0000,0,0.0000,1541,1541,1.0000,1541,1.0000,0,0.0000
time13,1327,133,0.1002,114,0.0859,-19,-0.0143,1327,133,0.1002,114,0.0859,-19,-0.0143,1327,133,0.1002,114,0.0859,-19,-0.0143,1327,133,0.1002,114,0.0859,-19,-0.0143
time14,2040,2040,1.0000,2040,1.0000,0,0.0000,2040,2040,1.0000,2040,1.0000,0,0.0000,2040,2040,1.0000,2040,1.0000,0,0.0000,2040,2040,1.0000,2040,1.0000,0,0.0000
time15,7,2,0.2857,6,0.8571,4,0.5714,7,2,0.2857,6,0.8571,4,0.5714,7,2,0.2857,6,0.8571,4,0.5714,7,2,0.2857,6,0.8571,4,0.5714
time16,2184,2184,1.0000,2184,1.0000,0,0.0000,2184,2184,1.0000,2184,1.0000,0,0.0000,2184,2184,1.0000,2184,1.0000,0,0.0000,2184,2184,1.0000,2184,1.0000,0,0.0000
time17,1058,1058,1.0000,1058,1.0000,0,0.0000,1058,1058,1.0000,1058,1.0000,0,0.0000,1058,1058,1.0000,1058,1.0000,0,0.0000,1058,1058,1.0000,1058,1.0000,0,0.0000
time18,1093,1093,1.0000,1093,1.0000,0,0.0000,1093,1093,1.0000,1093,1.0000,0,0.0000,1093,1093,1.0000,1093,1.0000,0,0.0000,1093,1093,1.0000,1093,1.0000,0,0.0000
time19,1407,174,0.1237,156,0.1109,-18,-0.0128,1407,174,0.1237,156,0.1109,-18,-0.0128,1407,174,0.1237,156,0.1109,-18,-0.0128,1407,174,0.1237,156,0.1109,-18,-0.0128
time20,1348,9,0.0067,1132,0.8398,1123,0.8331,1348,9,0.0067,1132,0.8398,1123,0.8331,1348,9,0.0067,1132,0.8398,1123,0.8331,1348,9,0.0067,1132,0.8398,1123,0.8331
time21,1023,1023,1.0000,1023,1.0000,0,0.0000,1023,1023,1.0000,1023,1.0000,0,0.0000,1023,1023,1.0000,1023,1.0000,0,0.0000,1023,1023,1.0000,1023,1.0000,0,0.0000
time22,1050,17,0.0162,861,0.8200,844,0.8038,1050,17,0.0162,861,0.8200,844,0.8038,1050,17,0.0162,861,0.8200,844,0.8038,1050,17,0.0162,861,0.8200,844,0.8038
time23,260,39,0.1500,46,0.1769,7,0.0269,260,39,0.1500,46,0.1769,7,0.0269,260,39,0.1500,46,0.1769,7,0.0269,260,39,0.1500,46,0.1769,7,0.0269
time24,2038,2038,1.0000,2038,1.0000,0,0.0000,2038,2038,1.0000,2038,1.0000,0,0.0000,2038,2038,1.0000,2038,1.0000,0,0.0000,2038,2038,1.0000,2038,1.0000,0,0.0000
time25,1434,1434,1.0000,1434,1.0000,0,0.0000,1434,1434,1.0000,1434,1.0000,0,0.0000,1434,1434,1.0000,1434,1.0000,0,0.0000,1434,1434,1.0000,1434,1.0000,0,0.0000
time26,2024,2024,1.0000,2024,1.0000,0,0.0000,2024,2024,1.0000,2024,1.0000,0,0.0000,2024,2024,1.0000,2024,1.0000,0,0.0000,2024,2024,1.0000,2024,1.0000,0,0.0000
time27,1380,1380,1.0000,1380,1.0000,0,0.0000,1380,1380,1.0000,1380,1.0000,0,0.0000,1380,1380,1.0000,1380,1.0000,0,0.0000,1380,1380,1.0000,1380,1.0000,0,0.0000